referral_id,referrer_user_id,referred_user_id,referral_date
1,9438,3451,2025-11-10
2,4456,1390,2025-08-08
3,8339,5250,2025-06-04
4,975,8140,2025-06-17
5,8665,9612,2025-10-01
6,2263,6844,2025-06-30
7,3848,3525,2025-10-28
8,3101,5871,2025-03-30
9,8667,7135,2025-11-03
10,9129,8130,2025-08-09
11,6778,4401,2025-08-24
12,5286,5444,2025-06-28
13,789,1303,2025-07-11
14,2847,8837,2025-03-12
15,1674,7962,2025-05-12
16,9716,1978,2025-04-22
17,1133,4775,2025-12-10
18,5487,6729,2025-09-08
19,2699,9005,2025-08-11
20,7566,9180,2025-04-17
21,6582,677,2025-07-13
22,889,4688,2025-05-22
23,9612,4218,2025-03-29
24,6509,1858,2025-05-24
25,729,8785,2025-07-29
26,8070,590,2025-02-15
27,3405,5885,2025-02-04
28,5338,7000,2025-05-26
29,4652,4638,2025-07-21
30,91,6370,2025-08-25
31,146,7585,2025-10-15
32,5818,3895,2025-08-25
33,9328,8565,2025-01-30
34,339,7890,2025-07-11
35,151,9232,2025-11-18
36,6097,598,2025-09-14
37,3429,2467,2025-06-28
38,6645,9860,2025-09-17
39,6361,6352,2025-09-11
40,4668,7701,2025-05-29
41,8044,4150,2025-05-12
42,6458,3329,2025-11-21
43,4650,4071,2025-01-31
44,9992,4650,2025-06-25
45,213,2657,2025-01-25
46,813,3737,2025-09-11
47,6713,4028,2025-01-03
48,9259,931,2025-08-06
49,3937,2754,2025-05-02
50,8282,4935,2025-02-10
51,4514,7992,2025-12-12
52,925,7706,2025-11-28
53,9042,7909,2025-06-06
54,1219,2003,2025-07-09
55,8735,7072,2025-08-18
56,8562,419,2025-03-06
57,6706,1200,2025-11-18
58,3636,2478,2025-08-27
59,1224,9241,2025-03-13
60,2714,9057,2025-02-12
61,526,9562,2025-09-18
62,2009,7222,2025-12-02
63,1091,6324,2025-06-09
64,4165,7211,2025-07-01
65,293,1210,2025-07-29
66,1655,9676,2025-05-31
67,9608,8292,2025-12-25
68,994,16,2025-05-18
69,985,7217,2025-07-18
70,5946,172,2025-12-15
71,7073,2352,2025-04-12
72,7634,740,2025-06-06
73,2419,242,2025-02-20
74,7962,7162,2025-03-21
75,9028,8571,2025-11-17
76,9374,9950,2025-10-26
77,2852,56,2025-06-13
78,7209,4560,2025-05-22
79,7908,5878,2025-02-06
80,6629,1090,2025-12-22
81,4459,746,2025-01-31
82,8917,1038,2025-02-19
83,3035,592,2025-07-23
84,8976,647,2025-07-15
85,7971,8352,2025-09-26
86,3806,168,2025-08-12
87,6877,1985,2025-10-07
88,9584,3457,2025-07-09
89,38,4060,2025-12-30
90,2689,3042,2025-12-24
91,69,5389,2025-08-02
92,5019,1842,2025-01-03
93,5041,1562,2025-01-21
94,7822,3668,2025-10-19
95,1605,9603,2025-02-03
96,8729,6913,2025-04-07
97,313,6473,2025-09-16
98,6215,5304,2025-03-19
99,1037,5896,2025-07-07
100,7631,223,2025-04-19
101,1868,8964,2025-09-07
102,931,4506,2025-11-19
103,231,7981,2025-11-21
104,1911,8764,2025-07-26
105,3051,3662,2025-11-22
106,8954,4945,2025-12-19
107,7662,4054,2025-01-20
108,5584,703,2025-03-02
109,2154,5299,2025-04-25
110,2382,5735,2025-05-13
111,7026,5070,2025-08-23
112,1148,3275,2025-04-20
113,619,7385,2025-03-18
114,6510,2253,2025-05-05
115,1690,8293,2025-09-26
116,1189,8718,2025-05-26
117,9093,579,2025-01-26
118,3322,9135,2025-12-07
119,3261,737,2025-01-14
120,3347,2772,2025-05-03
121,737,5634,2025-04-14
122,712,639,2025-02-17
123,6161,4551,2025-02-27
124,6250,623,2025-09-07
125,6471,909,2025-03-11
126,7735,4819,2025-10-12
127,6789,4276,2025-03-08
128,7300,7246,2025-03-23
129,8520,4198,2025-02-13
130,3079,8262,2025-03-07
131,5734,6720,2025-09-26
132,4401,4447,2025-05-18
133,650,6615,2025-09-13
134,323,495,2025-02-20
135,936,5237,2025-07-05
136,6866,3316,2025-11-12
137,7875,722,2025-11-12
138,6877,5573,2025-02-07
139,5873,6792,2025-02-14
140,3367,3571,2025-01-24
141,5427,5761,2025-03-11
142,7043,8446,2025-04-23
143,919,4565,2025-09-02
144,6324,8783,2025-02-05
145,9,8247,2025-03-01
146,9317,7595,2025-05-06
147,7354,7354,2025-06-01
148,9677,8696,2025-04-20
149,8362,1491,2025-11-02
150,912,1241,2025-07-23
151,1055,4806,2025-11-28
152,9910,5166,2025-10-16
153,9040,7456,2025-05-30
154,9807,4749,2025-02-26
155,3725,6684,2025-09-21
156,5350,593,2025-09-03
157,2540,7433,2025-06-27
158,644,4779,2025-08-21
159,7348,6980,2025-07-07
160,7488,7796,2025-05-08
161,3172,7937,2025-02-17
162,4769,252,2025-01-08
163,8128,4944,2025-01-11
164,9559,1833,2025-11-01
165,8934,1252,2025-01-28
166,2485,7705,2025-04-26
167,1789,8603,2025-04-29
168,3936,6718,2025-01-21
169,3420,4831,2025-07-25
170,1072,8046,2025-12-11
171,1307,7241,2025-05-30
172,4204,9400,2025-02-11
173,481,1659,2025-05-01
174,8677,203,2025-06-20
175,7446,266,2025-11-22
176,5184,4378,2025-05-28
177,4406,9438,2025-01-17
178,2760,1553,2025-09-10
179,7112,3865,2025-10-16
180,8995,8106,2025-11-28
181,2427,2096,2025-11-17
182,4986,7518,2025-10-18
183,8973,7505,2025-01-24
184,9367,7303,2025-06-23
185,7907,8092,2025-09-22
186,843,6664,2025-01-15
187,5954,4666,2025-04-24
188,8195,9275,2025-03-27
189,2791,4665,2025-10-09
190,2747,4956,2025-07-05
191,3693,9433,2025-07-21
192,2237,8784,2025-02-25
193,3717,820,2025-03-16
194,4177,1299,2025-05-19
195,2729,4917,2025-10-25
196,6301,3720,2025-04-12
197,8388,7413,2025-05-03
198,4448,5149,2025-05-13
199,7658,5051,2025-06-25
200,413,5899,2025-05-17
201,354,2999,2025-10-06
202,3531,4153,2025-02-10
203,5193,5825,2025-07-10
204,1667,2472,2025-04-26
205,9648,5516,2025-02-18
206,4836,528,2025-06-21
207,83,3316,2025-01-02
208,1920,1200,2025-05-26
209,2615,7945,2025-09-26
210,5621,9995,2025-12-24
211,9752,8928,2025-01-20
212,2358,4786,2025-07-29
213,1059,1959,2025-11-22
214,739,6425,2025-07-14
215,8205,9712,2025-06-29
216,99,5164,2025-07-06
217,5979,7515,2025-08-27
218,6105,8259,2025-07-09
219,3674,1681,2025-10-15
220,5053,1500,2025-06-24
221,5151,6168,2025-07-04
222,7577,8133,2025-05-20
223,189,8489,2025-09-17
224,6048,4862,2025-11-24
225,3002,4148,2025-08-07
226,4236,2456,2025-04-09
227,6741,2016,2025-12-23
228,9438,5474,2025-04-26
229,9442,6510,2025-08-01
230,4354,2189,2025-10-05
231,2491,9367,2025-01-05
232,8826,9947,2025-11-18
233,967,7842,2025-12-23
234,3747,2713,2025-10-26
235,6991,5496,2025-07-05
236,444,2542,2025-04-03
237,7506,9157,2025-12-05
238,9411,942,2025-04-07
239,4801,199,2025-03-21
240,7903,1459,2025-09-05
241,7546,6119,2025-01-25
242,4034,9315,2025-11-30
243,9842,6444,2025-02-14
244,2540,7733,2025-01-20
245,9137,7533,2025-11-01
246,264,3258,2025-03-22
247,9802,388,2025-09-16
248,7060,7520,2025-04-21
249,5774,4539,2025-04-03
250,3308,1177,2025-05-05
251,6365,5691,2025-01-03
252,4776,1219,2025-05-17
253,7373,1302,2025-11-20
254,7342,7630,2025-09-14
255,870,8018,2025-07-03
256,7287,220,2025-12-24
257,7965,9090,2025-05-13
258,1905,4805,2025-08-28
259,2881,333,2025-11-12
260,2951,5670,2025-05-03
261,4794,2393,2025-07-16
262,6239,9471,2025-06-05
263,9149,9855,2025-08-24
264,8544,2886,2025-11-01
265,5481,7221,2025-07-10
266,1872,7039,2025-10-22
267,7890,8921,2025-10-29
268,1717,7053,2025-12-25
269,3377,4669,2025-04-29
270,5927,2798,2025-07-30
271,4648,8919,2025-12-12
272,6733,7908,2025-02-10
273,2124,7628,2025-03-25
274,6404,3853,2025-05-19
275,3685,7699,2025-08-10
276,6233,1321,2025-07-25
277,8865,6020,2025-08-19
278,5899,7099,2025-05-11
279,3679,459,2025-11-06
280,3057,2273,2025-07-02
281,921,7978,2025-09-02
282,6215,5489,2025-08-23
283,5881,5169,2025-09-14
284,5482,8032,2025-08-11
285,393,5942,2025-03-16
286,6903,517,2025-11-04
287,9592,639,2025-07-29
288,9848,9403,2025-09-15
289,2467,9464,2025-10-24
290,4391,9445,2025-08-12
291,1162,9421,2025-02-08
292,9079,8350,2025-04-27
293,4124,9115,2025-10-13
294,7219,7237,2025-05-29
295,3807,9534,2025-12-12
296,3003,1522,2025-03-18
297,5631,758,2025-02-01
298,2417,4743,2025-01-16
299,878,3804,2025-05-29
300,2353,9391,2025-11-12
301,8168,333,2025-06-12
302,7667,8261,2025-02-21
303,5330,7367,2025-04-22
304,1406,8301,2025-08-04
305,4222,5088,2025-02-25
306,7187,8252,2025-10-06
307,388,9668,2025-12-19
308,1622,6327,2025-06-28
309,5659,121,2025-05-20
310,5729,2282,2025-06-26
311,4537,7612,2025-02-13
312,1069,1371,2025-08-30
313,5269,3744,2025-08-16
314,7491,9873,2025-09-02
315,6260,9499,2025-12-04
316,2395,5777,2025-09-07
317,7981,5356,2025-12-02
318,1597,7170,2025-03-19
319,9400,1212,2025-07-05
320,4466,9457,2025-08-18
321,708,3576,2025-12-24
322,2402,1852,2025-02-08
323,1778,6950,2025-06-01
324,1721,9181,2025-08-21
325,5063,5945,2025-11-14
326,4840,7022,2025-08-24
327,4126,9789,2025-09-28
328,3577,8491,2025-12-29
329,3531,9511,2025-04-26
330,9518,2215,2025-05-22
331,7568,5342,2025-07-15
332,9857,2245,2025-04-20
333,2137,3574,2025-07-10
334,8997,8243,2025-10-18
335,8191,5283,2025-02-05
336,6944,5457,2025-06-26
337,7396,1314,2025-01-29
338,9463,3323,2025-10-25
339,819,9552,2025-11-06
340,3335,1098,2025-02-23
341,4833,6945,2025-05-02
342,7420,8214,2025-07-12
343,6191,5322,2025-06-20
344,3925,3854,2025-08-07
345,800,4884,2025-06-27
346,7872,6600,2025-11-10
347,4388,4947,2025-05-30
348,4490,9186,2025-10-19
349,5776,2554,2025-05-18
350,9008,74,2025-08-10
351,9527,1271,2025-05-11
352,9399,4382,2025-05-05
353,2243,9293,2025-05-02
354,4937,4974,2025-04-07
355,8072,9663,2025-09-23
356,4116,7835,2025-07-17
357,911,7196,2025-10-27
358,336,5268,2025-05-07
359,2077,173,2025-06-30
360,293,5363,2025-11-15
361,9014,6667,2025-11-23
362,1764,21,2025-03-05
363,2926,7942,2025-09-05
364,8670,5461,2025-10-07
365,1663,9991,2025-12-05
366,6135,2045,2025-09-03
367,4182,6786,2025-06-14
368,2412,917,2025-04-14
369,4224,6159,2025-12-18
370,3998,8510,2025-08-22
371,7756,6065,2025-07-21
372,1813,9044,2025-11-27
373,5101,8621,2025-10-25
374,281,7719,2025-01-19
375,1469,2862,2025-07-01
376,3024,1968,2025-01-29
377,6336,8511,2025-04-20
378,4178,4214,2025-06-18
379,6831,8677,2025-07-13
380,7016,4815,2025-06-28
381,8116,8779,2025-08-28
382,4489,5693,2025-03-14
383,9669,6086,2025-11-27
384,1137,8992,2025-08-27
385,3670,3876,2025-10-03
386,5989,9101,2025-07-10
387,1484,4451,2025-05-22
388,1120,5613,2025-02-12
389,8633,3435,2025-11-21
390,3522,8422,2025-01-12
391,7173,2315,2025-02-27
392,9626,122,2025-02-19
393,2988,6939,2025-08-06
394,7209,8343,2025-01-13
395,3582,6498,2025-06-09
396,4240,5608,2025-02-12
397,4126,8490,2025-07-03
398,6269,1318,2025-07-02
399,9457,1136,2025-01-06
400,2429,8428,2025-10-21
401,4671,1104,2025-01-20
402,2792,5543,2025-12-24
403,8916,9310,2025-06-27
404,1662,4853,2025-01-05
405,5758,830,2025-04-29
406,5530,6316,2025-07-16
407,431,8587,2025-05-09
408,4084,9574,2025-05-04
409,9183,6853,2025-03-08
410,1214,396,2025-07-30
411,1837,3875,2025-03-27
412,3864,6502,2025-03-21
413,7065,4412,2025-10-21
414,2969,8590,2025-03-08
415,8944,8646,2025-12-24
416,1131,7877,2025-11-25
417,9059,8045,2025-12-27
418,2058,9623,2025-04-20
419,3744,6373,2025-06-15
420,7248,492,2025-03-03
421,5942,8967,2025-12-24
422,1530,1333,2025-07-06
423,4170,3498,2025-09-27
424,8101,3846,2025-08-27
425,702,6359,2025-07-03
426,94,701,2025-06-02
427,1726,1716,2025-06-29
428,1945,7368,2025-04-10
429,2686,6185,2025-07-28
430,208,8847,2025-09-20
431,7817,4847,2025-12-12
432,53,3997,2025-08-12
433,7398,9584,2025-06-22
434,3199,3497,2025-11-19
435,6752,1579,2025-12-19
436,5244,3929,2025-05-03
437,4360,9157,2025-09-17
438,7852,7622,2025-06-27
439,4988,5642,2025-01-18
440,405,4835,2025-08-06
441,7927,7156,2025-06-30
442,9644,5509,2025-12-04
443,968,9841,2025-05-06
444,4102,6120,2025-06-28
445,1637,8706,2025-03-24
446,2299,9411,2025-06-28
447,3319,1926,2025-04-21
448,4074,7488,2025-05-11
449,198,2421,2025-09-14
450,9869,8178,2025-03-28
451,8066,8280,2025-08-04
452,4761,1470,2025-08-07
453,1864,641,2025-06-25
454,1716,7984,2025-07-05
455,1762,8081,2025-07-24
456,1919,5161,2025-12-14
457,4139,4144,2025-11-08
458,3513,7377,2025-04-18
459,12,5007,2025-01-12
460,6689,77,2025-09-27
461,6778,4008,2025-09-06
462,4683,6883,2025-05-28
463,7289,7022,2025-08-27
464,8248,9977,2025-06-08
465,6920,9462,2025-08-05
466,5760,9795,2025-03-17
467,4787,2551,2025-01-11
468,2054,477,2025-11-24
469,2954,7045,2025-07-31
470,7205,7355,2025-12-24
471,2959,4527,2025-12-22
472,6614,9209,2025-06-04
473,4603,5030,2025-06-06
474,2838,2580,2025-02-23
475,4641,5584,2025-12-03
476,6815,2019,2025-03-15
477,2432,4100,2025-08-20
478,114,2030,2025-08-07
479,3423,2356,2025-11-25
480,368,4435,2025-07-17
481,6577,354,2025-01-11
482,766,2013,2025-11-29
483,7076,4840,2025-06-24
484,8778,7389,2025-04-07
485,1212,8197,2025-06-27
486,2499,8782,2025-07-28
487,3609,5528,2025-01-26
488,632,6911,2025-10-13
489,9471,976,2025-10-04
490,8572,553,2025-02-07
491,6188,4810,2025-01-17
492,3750,509,2025-05-14
493,7916,7132,2025-06-05
494,9443,1683,2025-03-04
495,1224,3186,2025-04-20
496,3225,6336,2025-12-01
497,4306,5567,2025-08-05
498,3226,4724,2025-03-09
499,9847,8332,2025-10-04
500,7622,9899,2025-01-20
501,6855,5200,2025-07-22
502,2035,1667,2025-08-07
503,209,8455,2025-11-01
504,9787,4894,2025-05-20
505,93,5501,2025-11-26
506,5832,8914,2025-07-24
507,855,6807,2025-05-30
508,6690,1477,2025-08-21
509,5093,9116,2025-04-26
510,9282,4455,2025-09-26
511,7608,4586,2025-07-22
512,663,4502,2025-12-02
513,997,1617,2025-07-11
514,8367,1306,2025-04-22
515,2985,4977,2025-01-28
516,4266,6379,2025-06-09
517,9268,1050,2025-03-05
518,2462,3896,2025-06-18
519,8819,1293,2025-01-06
520,5050,1266,2025-02-23
521,2056,2353,2025-12-03
522,9409,7617,2025-03-12
523,8991,4309,2025-09-08
524,9781,4468,2025-09-26
525,2024,923,2025-11-29
526,9479,1149,2025-02-04
527,2394,4970,2025-06-16
528,7348,9287,2025-08-04
529,367,55,2025-07-15
530,4909,6457,2025-12-25
531,6275,2887,2025-09-19
532,5167,3495,2025-06-08
533,8526,6139,2025-10-17
534,8236,7537,2025-10-07
535,438,1598,2025-03-07
536,6370,7165,2025-05-31
537,2358,7493,2025-04-13
538,5393,8536,2025-08-07
539,4018,6329,2025-03-23
540,8741,3822,2025-08-09
541,7184,9266,2025-08-14
542,8479,4094,2025-10-14
543,3228,4654,2025-04-12
544,4248,7819,2025-01-22
545,3328,2131,2025-11-14
546,1213,8484,2025-07-28
547,1972,91,2025-05-13
548,7497,752,2025-01-25
549,4213,266,2025-03-06
550,8506,5132,2025-07-21
551,5426,6535,2025-04-27
552,5641,3320,2025-12-27
553,2971,9389,2025-08-17
554,5184,2492,2025-07-06
555,6503,5458,2025-07-02
556,7935,1477,2025-09-21
557,1073,2886,2025-10-30
558,7915,2380,2025-05-03
559,5349,9703,2025-03-11
560,2103,966,2025-08-15
561,2374,9883,2025-12-14
562,2848,9979,2025-12-17
563,8508,6612,2025-06-17
564,7016,7142,2025-11-30
565,940,4097,2025-06-21
566,2978,2558,2025-01-22
567,6696,7929,2025-07-14
568,5476,5321,2025-09-24
569,2614,3974,2025-09-13
570,9051,8739,2025-06-12
571,8040,5086,2025-12-22
572,4027,47,2025-07-20
573,6689,107,2025-01-31
574,8406,9529,2025-02-03
575,7930,4503,2025-02-18
576,3373,4001,2025-10-25
577,207,3286,2025-08-10
578,6552,6729,2025-05-30
579,4106,5761,2025-04-05
580,841,6688,2025-05-22
581,492,5609,2025-05-31
582,289,7647,2025-10-19
583,4215,3162,2025-12-18
584,5036,8779,2025-04-27
585,5882,8519,2025-05-23
586,9252,6254,2025-02-16
587,1771,712,2025-09-26
588,4339,4980,2025-12-12
589,2292,2777,2025-06-08
590,621,5724,2025-01-08
591,5107,7395,2025-01-24
592,9021,4689,2025-03-06
593,3099,7266,2025-08-29
594,4365,2280,2025-06-22
595,3767,4116,2025-03-02
596,8775,9828,2025-12-16
597,5285,5810,2025-03-19
598,6272,5491,2025-01-17
599,8073,828,2025-03-31
600,191,1083,2025-07-23
601,3129,2394,2025-05-07
602,422,1137,2025-07-19
603,9203,8964,2025-11-21
604,8879,806,2025-09-26
605,1314,3224,2025-01-29
606,3153,3990,2025-10-17
607,3159,2030,2025-07-03
608,8254,4344,2025-10-18
609,1732,228,2025-01-30
610,6717,3441,2025-07-20
611,5424,503,2025-01-14
612,2729,9221,2025-10-06
613,7045,6743,2025-02-20
614,9845,8092,2025-08-02
615,8319,2685,2025-01-24
616,9682,5076,2025-12-04
617,7335,8283,2025-06-09
618,4957,9397,2025-11-13
619,9453,2261,2025-10-25
620,1483,4119,2025-01-02
621,4146,2695,2025-12-19
622,2110,2705,2025-11-26
623,5343,6118,2025-11-29
624,5104,9687,2025-08-10
625,2655,6676,2025-06-10
626,5006,863,2025-12-16
627,9770,1359,2025-05-22
628,9903,574,2025-06-23
629,2063,1489,2025-06-01
630,2090,3285,2025-05-21
631,3334,9778,2025-02-09
632,5157,7458,2025-12-19
633,9625,591,2025-06-06
634,3807,5710,2025-12-24
635,5053,8506,2025-07-24
636,2578,7775,2025-02-12
637,4044,9266,2025-07-25
638,7333,2375,2025-07-14
639,3834,11,2025-08-10
640,2574,2257,2025-08-06
641,3250,5228,2025-01-24
642,7517,3747,2025-04-19
643,9412,9862,2025-10-06
644,5911,7466,2025-11-04
645,42,5090,2025-10-26
646,2611,353,2025-03-19
647,206,352,2025-11-02
648,4826,3104,2025-09-16
649,9609,9732,2025-09-29
650,8827,4407,2025-08-13
651,8475,4623,2025-05-14
652,7336,384,2025-02-25
653,6081,5944,2025-12-23
654,4876,4018,2025-07-22
655,8340,9658,2025-11-24
656,3244,305,2025-10-03
657,4303,3011,2025-08-30
658,8201,166,2025-11-28
659,6613,2503,2025-11-27
660,3301,8342,2025-11-10
661,7450,5003,2025-07-06
662,3306,5290,2025-07-13
663,1750,1692,2025-08-24
664,3597,3257,2025-11-26
665,1800,7671,2025-08-27
666,2060,8222,2025-03-13
667,3180,7876,2025-12-20
668,7576,5703,2025-11-17
669,6548,7128,2025-02-26
670,2327,5716,2025-12-06
671,7447,4513,2025-03-10
672,7515,6684,2025-08-24
673,6124,1647,2025-08-26
674,2760,191,2025-06-02
675,6293,1906,2025-02-18
676,2659,1696,2025-03-24
677,21,9003,2025-12-29
678,6702,2243,2025-05-08
679,7748,9341,2025-12-25
680,9696,6071,2025-07-28
681,7298,4613,2025-10-20
682,8560,6635,2025-01-03
683,8897,1407,2025-11-20
684,5503,3742,2025-02-23
685,222,5729,2025-06-09
686,7961,8827,2025-11-07
687,8612,3521,2025-08-27
688,1287,3274,2025-03-30
689,6030,9702,2025-03-31
690,2327,1220,2025-07-15
691,5648,5164,2025-12-10
692,1185,9777,2025-10-15
693,8581,8269,2025-08-31
694,3254,483,2025-12-11
695,1775,2732,2025-12-11
696,4508,5796,2025-08-08
697,2601,5841,2025-02-21
698,4840,2215,2025-07-28
699,2557,1672,2025-05-14
700,5984,5644,2025-06-22
701,4286,7775,2025-10-03
702,9151,4770,2025-03-12
703,5027,2553,2025-08-26
704,9945,3516,2025-04-11
705,8492,7950,2025-03-14
706,3007,4721,2025-09-15
707,9868,3657,2025-12-07
708,5638,9035,2025-08-07
709,2055,5472,2025-12-09
710,5877,8311,2025-11-07
711,2744,3846,2025-04-11
712,4001,5670,2025-02-06
713,5078,3959,2025-02-16
714,7438,4133,2025-09-28
715,5711,4671,2025-11-10
716,9809,7384,2025-07-12
717,7320,2360,2025-07-17
718,8943,9933,2025-03-03
719,4633,6622,2025-08-13
720,1567,1379,2025-08-04
721,9390,9847,2025-07-02
722,4784,3365,2025-07-30
723,349,528,2025-04-23
724,2129,7971,2025-06-13
725,1181,6536,2025-12-11
726,4275,4678,2025-09-02
727,5946,5693,2025-11-24
728,5618,7835,2025-02-28
729,4846,5073,2025-05-29
730,969,2039,2025-10-08
731,8304,8556,2025-10-01
732,8668,8784,2025-02-01
733,5568,6098,2025-11-22
734,9938,7081,2025-04-13
735,6649,2388,2025-12-05
736,5866,9576,2025-10-26
737,2874,4698,2025-09-15
738,5709,4823,2025-10-05
739,7610,5613,2025-01-14
740,8218,3774,2025-06-21
741,4296,1446,2025-11-18
742,2028,6142,2025-11-26
743,2502,507,2025-03-26
744,3732,8185,2025-02-09
745,137,3211,2025-09-18
746,6863,3263,2025-08-23
747,1864,6011,2025-03-22
748,9478,4428,2025-07-26
749,4376,3858,2025-01-24
750,1344,9978,2025-04-15
751,5358,9284,2025-11-15
752,3050,2822,2025-02-19
753,236,253,2025-11-28
754,4587,898,2025-11-18
755,703,374,2025-04-20
756,5145,3667,2025-11-13
757,1310,9575,2025-03-09
758,9662,7555,2025-07-06
759,3651,5689,2025-11-07
760,8010,3870,2025-07-21
761,2185,9488,2025-12-25
762,6723,4205,2025-08-25
763,733,5494,2025-03-12
764,9864,6087,2025-11-11
765,3046,5143,2025-05-24
766,6862,2394,2025-07-13
767,6923,5672,2025-12-19
768,3862,407,2025-05-19
769,3773,1813,2025-04-26
770,1528,7163,2025-08-14
771,7259,3695,2025-02-13
772,5055,6307,2025-03-05
773,540,3630,2025-06-18
774,7785,3456,2025-09-19
775,6711,9402,2025-12-10
776,7748,2030,2025-03-26
777,1771,129,2025-05-18
778,5655,614,2025-12-14
779,4360,9447,2025-11-11
780,9061,4197,2025-04-28
781,1386,7597,2025-04-21
782,6987,6573,2025-07-06
783,1771,8532,2025-12-09
784,3303,2094,2025-10-21
785,7197,7251,2025-03-11
786,1666,3063,2025-06-28
787,5716,2602,2025-03-30
788,8128,5175,2025-02-28
789,7598,6320,2025-04-18
790,3166,4768,2025-09-18
791,6203,1503,2025-07-01
792,6849,472,2025-03-11
793,3866,4392,2025-06-30
794,534,8412,2025-04-30
795,5664,1974,2025-06-23
796,8342,1813,2025-03-15
797,5398,2182,2025-01-07
798,5982,8387,2025-03-07
799,1050,3748,2025-01-26
800,7133,6476,2025-07-22
801,1014,7886,2025-10-30
802,2064,9113,2025-08-23
803,4733,3429,2025-12-15
804,5358,6082,2025-08-03
805,8081,9718,2025-09-18
806,2500,3496,2025-05-12
807,5758,4750,2025-04-09
808,6707,5909,2025-04-08
809,7292,4326,2025-12-08
810,7523,6293,2025-10-30
811,5526,423,2025-11-18
812,9258,9784,2025-04-05
813,1192,5440,2025-03-21
814,1959,1865,2025-06-08
815,1063,5829,2025-11-04
816,5594,1960,2025-03-12
817,4955,8730,2025-07-16
818,1387,1610,2025-11-02
819,840,471,2025-09-13
820,1648,8592,2025-08-03
821,7741,5403,2025-12-11
822,4337,9411,2025-10-01
823,4857,4397,2025-02-18
824,1301,3784,2025-05-20
825,8830,5340,2025-12-08
826,978,5287,2025-06-01
827,3946,2049,2025-04-17
828,9765,6541,2025-12-23
829,2763,9521,2025-10-29
830,9989,4842,2025-05-21
831,7133,3800,2025-09-04
832,1762,7151,2025-04-02
833,191,9018,2025-03-12
834,4008,6707,2025-03-18
835,491,7699,2025-01-26
836,4961,6706,2025-04-06
837,7880,2764,2025-02-06
838,5800,6282,2025-03-08
839,6669,7326,2025-07-24
840,5098,9900,2025-07-01
841,4882,962,2025-04-27
842,4476,9978,2025-11-03
843,1553,8618,2025-09-16
844,5134,6809,2025-09-26
845,2009,152,2025-07-04
846,4483,7511,2025-11-18
847,9202,9179,2025-04-01
848,3272,7932,2025-11-14
849,9851,2807,2025-09-27
850,4164,376,2025-06-13
851,490,4379,2025-05-08
852,5842,8412,2025-09-06
853,8508,9962,2025-06-24
854,2521,3204,2025-10-20
855,6954,9176,2025-12-07
856,8204,6550,2025-04-01
857,4196,4202,2025-02-07
858,2252,4535,2025-06-10
859,3008,8202,2025-09-25
860,4009,1721,2025-04-04
861,4587,5448,2025-05-17
862,1582,6430,2025-02-24
863,9542,165,2025-10-24
864,8655,2650,2025-05-22
865,6518,7443,2025-01-11
866,718,8900,2025-06-28
867,692,6647,2025-09-23
868,440,2053,2025-08-26
869,234,8159,2025-05-11
870,7407,2521,2025-10-03
871,5706,1716,2025-06-11
872,279,9773,2025-07-14
873,5527,4439,2025-04-28
874,6595,105,2025-12-08
875,9533,2725,2025-09-05
876,3122,5909,2025-02-12
877,3143,4274,2025-01-18
878,1653,7604,2025-01-02
879,1494,5891,2025-07-20
880,9853,5356,2025-05-05
881,8026,1358,2025-05-29
882,465,7793,2025-06-20
883,1615,1982,2025-11-04
884,1230,5138,2025-03-26
885,1271,577,2025-04-13
886,4953,6121,2025-11-04
887,961,8960,2025-04-25
888,4649,1953,2025-02-10
889,3286,319,2025-12-09
890,6653,4585,2025-07-20
891,8517,1448,2025-03-23
892,5759,9288,2025-10-25
893,2571,8061,2025-12-08
894,8717,2483,2025-03-17
895,3370,1395,2025-10-30
896,8444,5622,2025-10-21
897,7075,5105,2025-11-24
898,4554,6557,2025-03-08
899,6807,5848,2025-06-20
900,4957,1994,2025-12-24
901,8225,4693,2025-08-13
902,3270,2945,2025-05-04
903,850,2235,2025-02-24
904,8166,9955,2025-06-30
905,4110,1373,2025-04-14
906,7246,8162,2025-02-03
907,5730,2376,2025-05-04
908,8232,6691,2025-12-02
909,7037,7949,2025-06-10
910,6411,942,2025-10-13
911,6869,6294,2025-12-25
912,9206,4961,2025-12-18
913,4087,5092,2025-07-16
914,2061,9881,2025-06-24
915,9043,2117,2025-11-30
916,6572,2719,2025-07-08
917,1481,2694,2025-03-01
918,6770,5936,2025-10-15
919,7558,5335,2025-07-24
920,4008,6041,2025-07-20
921,4368,4549,2025-12-12
922,8565,4385,2025-09-07
923,7277,9921,2025-05-26
924,9386,2879,2025-02-25
925,4525,1244,2025-08-10
926,2747,1356,2025-05-05
927,2402,7821,2025-02-08
928,9822,4369,2025-02-21
929,833,6725,2025-12-28
930,7564,3917,2025-05-11
931,6362,6273,2025-11-27
932,8675,9344,2025-04-24
933,6632,5401,2025-03-25
934,6411,101,2025-06-28
935,5679,9443,2025-07-10
936,8439,5817,2025-03-14
937,5847,495,2025-10-31
938,8108,5915,2025-07-27
939,9273,5088,2025-12-22
940,9539,7602,2025-01-06
941,568,5596,2025-02-22
942,7828,1076,2025-12-18
943,4523,8982,2025-03-05
944,5875,925,2025-08-09
945,2195,6841,2025-04-22
946,402,9098,2025-04-15
947,8481,8679,2025-06-16
948,6322,899,2025-09-08
949,1394,8665,2025-12-21
950,2161,5570,2025-08-11
951,6736,3471,2025-04-22
952,890,1569,2025-09-25
953,5161,9178,2025-09-28
954,5619,5604,2025-09-24
955,9731,4194,2025-03-31
956,1926,6988,2025-11-22
957,1638,753,2025-11-28
958,3214,3872,2025-04-09
959,6309,5171,2025-06-16
960,7798,1458,2025-06-04
961,7290,6780,2025-04-23
962,6220,3636,2025-10-04
963,6861,8796,2025-11-20
964,7897,9620,2025-07-04
965,2781,1410,2025-12-08
966,2326,7634,2025-12-14
967,1467,8453,2025-08-12
968,628,7124,2025-05-05
969,3013,8688,2025-08-25
970,9470,2580,2025-12-31
971,7936,1802,2025-01-12
972,5916,2547,2025-10-03
973,1554,9779,2025-12-13
974,2611,9732,2025-03-09
975,6836,3611,2025-10-22
976,3989,3040,2025-05-21
977,317,2842,2025-10-21
978,5961,8018,2025-06-25
979,7266,9801,2025-04-25
980,8601,7952,2025-01-25
981,38,8099,2025-07-17
982,7531,5199,2025-05-09
983,9031,5629,2025-02-05
984,3371,418,2025-08-09
985,5280,652,2025-07-20
986,6141,5521,2025-01-15
987,3717,9069,2025-05-14
988,2458,1804,2025-11-24
989,1657,2961,2025-10-29
990,4973,7825,2025-08-20
991,4207,968,2025-05-24
992,2888,8440,2025-12-19
993,8821,5949,2025-12-01
994,1225,1906,2025-09-27
995,4342,9029,2025-03-19
996,6271,68,2025-07-26
997,3302,9376,2025-03-28
998,6461,3164,2025-03-19
999,1608,3339,2025-09-24
1000,8410,2828,2025-11-30
1001,3134,4096,2025-05-18
1002,7066,781,2025-05-26
1003,1732,211,2025-10-11
1004,7844,7391,2025-03-02
1005,2559,2344,2025-06-29
1006,4722,8890,2025-03-14
1007,8775,5530,2025-04-03
1008,8251,5803,2025-02-21
1009,4530,3675,2025-05-19
1010,3091,6835,2025-02-10
1011,1199,7151,2025-03-08
1012,5346,3214,2025-06-29
1013,4318,7069,2025-01-28
1014,8013,6793,2025-02-22
1015,2600,756,2025-08-04
1016,1554,6534,2025-10-17
1017,6257,2440,2025-03-05
1018,7427,4465,2025-01-19
1019,9799,9742,2025-10-10
1020,2538,1288,2025-06-23
1021,765,312,2025-02-10
1022,41,4922,2025-09-11
1023,9259,9770,2025-11-11
1024,6905,5139,2025-09-29
1025,2594,8023,2025-05-18
1026,7766,4615,2025-02-14
1027,9562,2338,2025-09-15
1028,2566,6102,2025-06-19
1029,1899,5548,2025-10-03
1030,1649,7809,2025-07-06
1031,4987,9047,2025-06-10
1032,5071,8343,2025-02-21
1033,5637,8820,2025-08-15
1034,6272,318,2025-09-05
1035,2659,8667,2025-06-11
1036,4690,1749,2025-07-30
1037,2618,7320,2025-07-29
1038,9952,6932,2025-11-07
1039,7309,6863,2025-09-10
1040,6029,2519,2025-09-26
1041,8021,2924,2025-04-19
1042,369,9084,2025-12-19
1043,154,1417,2025-03-30
1044,9035,3148,2025-04-03
1045,7993,6747,2025-06-16
1046,8568,1634,2025-04-09
1047,9441,1648,2025-09-26
1048,5611,6133,2025-04-11
1049,2759,519,2025-07-31
1050,4545,6680,2025-01-17
1051,4174,3586,2025-02-22
1052,9914,349,2025-01-06
1053,9820,4602,2025-10-05
1054,13,9641,2025-08-06
1055,7809,3099,2025-01-12
1056,9908,8563,2025-06-20
1057,2499,7512,2025-05-09
1058,6178,3720,2025-07-25
1059,5871,2709,2025-06-23
1060,1231,779,2025-04-04
1061,4975,8451,2025-03-07
1062,3927,4835,2025-03-26
1063,567,4689,2025-06-11
1064,501,8161,2025-05-06
1065,4230,3760,2025-12-29
1066,235,7320,2025-04-27
1067,9348,3294,2025-10-08
1068,9098,2415,2025-11-09
1069,5542,5964,2025-11-19
1070,8895,5492,2025-05-06
1071,6265,931,2025-06-25
1072,6550,9437,2025-05-23
1073,7641,3127,2025-08-16
1074,5489,7009,2025-02-11
1075,551,1946,2025-09-03
1076,5063,9166,2025-04-17
1077,7939,2289,2025-03-03
1078,9602,4937,2025-06-11
1079,6458,1325,2025-01-20
1080,1733,8020,2025-06-20
1081,6000,6853,2025-09-16
1082,6691,3920,2025-02-23
1083,6206,8859,2025-08-24
1084,1941,7975,2025-07-05
1085,4825,4657,2025-10-03
1086,9692,9408,2025-10-26
1087,7477,3323,2025-08-06
1088,1678,246,2025-10-10
1089,9424,1844,2025-07-04
1090,4892,3921,2025-09-01
1091,5691,4592,2025-04-17
1092,5661,7027,2025-08-17
1093,6756,1458,2025-05-17
1094,3576,7192,2025-11-26
1095,3863,5633,2025-07-09
1096,2954,9857,2025-06-15
1097,4592,1935,2025-02-09
1098,4849,3984,2025-05-03
1099,2396,4051,2025-11-06
1100,7149,2418,2025-09-03
1101,7745,5896,2025-05-01
1102,6,3854,2025-06-17
1103,9547,8322,2025-07-08
1104,4092,329,2025-07-13
1105,9943,4585,2025-02-08
1106,2871,2983,2025-06-01
1107,679,2099,2025-09-18
1108,7302,1675,2025-03-15
1109,7430,9591,2025-08-05
1110,9675,391,2025-11-29
1111,7592,1352,2025-11-25
1112,763,7520,2025-07-26
1113,9748,6692,2025-04-17
1114,4078,5027,2025-02-23
1115,2623,6629,2025-03-05
1116,941,5386,2025-09-26
1117,7205,4721,2025-03-31
1118,4332,3437,2025-06-16
1119,7423,7183,2025-01-25
1120,3265,2811,2025-11-23
1121,9969,6658,2025-02-02
1122,5485,4682,2025-10-30
1123,105,9467,2025-03-22
1124,6908,9903,2025-01-10
1125,3980,5547,2025-02-06
1126,2033,2044,2025-05-09
1127,6764,623,2025-02-08
1128,3617,8489,2025-09-15
1129,8300,1584,2025-07-14
1130,5582,5284,2025-12-10
1131,3579,2409,2025-10-23
1132,2059,1829,2025-09-10
1133,3052,6271,2025-03-09
1134,3509,4232,2025-03-10
1135,8722,6167,2025-10-20
1136,8592,5807,2025-04-16
1137,8741,5640,2025-10-31
1138,1129,3309,2025-12-21
1139,9160,7008,2025-02-20
1140,8210,4246,2025-02-08
1141,8809,8402,2025-09-06
1142,2788,3635,2025-07-23
1143,4835,5043,2025-12-30
1144,5180,6924,2025-01-11
1145,4415,1902,2025-03-12
1146,4655,7482,2025-10-20
1147,4569,7923,2025-07-20
1148,4623,199,2025-05-30
1149,3260,176,2025-11-21
1150,3428,5006,2025-01-08
1151,7524,2277,2025-12-09
1152,5738,626,2025-06-09
1153,6538,3189,2025-04-28
1154,5176,6877,2025-01-20
1155,9045,9227,2025-06-26
1156,2880,3590,2025-12-30
1157,5110,1704,2025-01-14
1158,4098,880,2025-05-16
1159,930,5024,2025-03-16
1160,5435,3147,2025-07-31
1161,7630,7130,2025-01-03
1162,408,2873,2025-07-14
1163,5594,4097,2025-02-04
1164,5088,3212,2025-05-05
1165,8349,4657,2025-11-03
1166,3284,7910,2025-08-27
1167,8743,575,2025-07-20
1168,5633,8855,2025-07-19
1169,307,4843,2025-11-13
1170,4771,9617,2025-09-07
1171,8350,4355,2025-04-23
1172,4817,6282,2025-02-24
1173,2948,3836,2025-07-06
1174,7360,8835,2025-07-18
1175,7224,1914,2025-02-06
1176,4506,4197,2025-12-05
1177,1753,6467,2025-01-26
1178,4273,9273,2025-10-13
1179,3795,3768,2025-10-22
1180,2403,825,2025-06-30
1181,4051,5414,2025-05-17
1182,4721,8442,2025-10-01
1183,1990,6058,2025-02-07
1184,5514,418,2025-11-23
1185,9554,8176,2025-03-19
1186,6831,3234,2025-05-14
1187,2261,1866,2025-04-06
1188,5026,4745,2025-03-12
1189,971,2375,2025-06-20
1190,856,2714,2025-06-06
1191,7335,8906,2025-07-27
1192,5212,8430,2025-08-04
1193,987,6412,2025-05-06
1194,9422,3778,2025-07-27
1195,4439,3620,2025-12-16
1196,7471,8479,2025-06-17
1197,8424,405,2025-12-24
1198,1054,1986,2025-09-05
1199,2437,6443,2025-03-21
1200,7820,5506,2025-05-25
1201,230,4311,2025-03-23
1202,9613,1090,2025-03-29
1203,4402,4347,2025-12-29
1204,1328,8438,2025-10-14
1205,7495,4097,2025-05-11
1206,2652,4023,2025-10-09
1207,8658,2185,2025-01-04
1208,6422,884,2025-07-14
1209,8722,4272,2025-07-24
1210,9070,1933,2025-07-25
1211,3809,9044,2025-05-28
1212,2717,3253,2025-10-01
1213,4785,5741,2025-08-09
1214,258,3587,2025-11-11
1215,6155,7394,2025-06-14
1216,7069,7049,2025-02-19
1217,1047,1574,2025-05-11
1218,3653,1393,2025-02-26
1219,8637,3228,2025-08-11
1220,8938,9448,2025-01-19
1221,5630,7912,2025-05-16
1222,6754,7433,2025-08-28
1223,2508,1809,2025-10-04
1224,138,692,2025-07-08
1225,2290,9469,2025-02-28
1226,3371,9912,2025-02-02
1227,2636,1485,2025-05-04
1228,2019,257,2025-02-01
1229,4952,9029,2025-06-13
1230,9674,5161,2025-04-30
1231,8621,1932,2025-12-30
1232,9512,4386,2025-12-22
1233,6757,1152,2025-02-15
1234,2289,1812,2025-10-13
1235,5114,8990,2025-02-02
1236,3318,5488,2025-01-27
1237,3558,1297,2025-08-24
1238,746,9768,2025-02-02
1239,8349,6389,2025-01-05
1240,727,1525,2025-02-23
1241,3483,9926,2025-03-13
1242,4764,9989,2025-09-12
1243,7370,1921,2025-09-17
1244,1413,7618,2025-12-20
1245,2003,7556,2025-03-23
1246,3062,900,2025-10-24
1247,8112,3054,2025-01-13
1248,6016,5962,2025-01-13
1249,1137,8550,2025-12-07
1250,8506,7574,2025-01-19
1251,7582,3221,2025-12-19
1252,2895,5721,2025-05-12
1253,4502,9656,2025-08-24
1254,3871,1898,2025-12-08
1255,9991,9445,2025-08-28
1256,2944,8471,2025-08-29
1257,4414,7819,2025-10-29
1258,2064,1194,2025-05-09
1259,8475,2168,2025-11-04
1260,4567,545,2025-07-07
1261,1208,1303,2025-03-11
1262,5209,4128,2025-09-03
1263,6818,9396,2025-12-14
1264,7228,3261,2025-12-29
1265,9047,1425,2025-09-18
1266,8837,53,2025-10-16
1267,8945,5519,2025-03-27
1268,4399,6596,2025-01-04
1269,5990,5997,2025-03-22
1270,6395,1565,2025-09-27
1271,5391,9351,2025-09-01
1272,1092,9037,2025-05-18
1273,964,3305,2025-06-09
1274,5147,2886,2025-12-07
1275,5878,9222,2025-01-16
1276,5077,3149,2025-05-18
1277,962,2689,2025-12-07
1278,8544,9392,2025-03-04
1279,2580,4821,2025-06-19
1280,8719,4252,2025-06-22
1281,6528,7586,2025-10-11
1282,9163,85,2025-05-29
1283,2141,1489,2025-09-25
1284,6794,980,2025-08-13
1285,2078,8492,2025-11-02
1286,9242,4549,2025-09-30
1287,3074,5040,2025-08-16
1288,6585,3469,2025-12-24
1289,6476,3407,2025-10-24
1290,7329,9455,2025-04-27
1291,4624,1289,2025-01-28
1292,2690,2472,2025-04-10
1293,1896,7395,2025-12-06
1294,5287,7090,2025-10-02
1295,1931,7216,2025-08-21
1296,6344,4228,2025-02-20
1297,5939,4097,2025-09-09
1298,8629,9489,2025-03-28
1299,2656,3131,2025-05-08
1300,7606,8908,2025-03-19
1301,6171,809,2025-08-02
1302,6105,1910,2025-11-03
1303,3384,9349,2025-10-10
1304,9026,5062,2025-01-04
1305,1981,6962,2025-02-01
1306,2851,7219,2025-03-16
1307,5012,6341,2025-01-14
1308,6871,1919,2025-03-07
1309,710,6943,2025-01-30
1310,2757,2734,2025-09-14
1311,3236,1543,2025-12-31
1312,2347,1243,2025-09-07
1313,2938,2066,2025-04-11
1314,1014,7532,2025-12-22
1315,8765,422,2025-07-20
1316,7634,9784,2025-02-02
1317,2736,2876,2025-07-13
1318,9824,8141,2025-04-16
1319,510,3552,2025-05-13
1320,6176,3023,2025-10-27
1321,9942,3302,2025-11-08
1322,6448,5099,2025-01-14
1323,2312,2937,2025-03-03
1324,1489,3434,2025-09-09
1325,2891,4997,2025-06-25
1326,4939,6976,2025-07-26
1327,1616,2421,2025-11-04
1328,5398,2991,2025-01-06
1329,2270,3945,2025-02-07
1330,8385,2140,2025-03-21
1331,584,9952,2025-09-17
1332,8897,4731,2025-02-16
1333,93,2565,2025-08-12
1334,3286,2460,2025-08-09
1335,7790,4852,2025-02-04
1336,3352,4200,2025-03-27
1337,6364,213,2025-12-13
1338,3196,3695,2025-12-02
1339,9394,194,2025-10-13
1340,6183,6564,2025-01-05
1341,5869,6436,2025-04-16
1342,5416,479,2025-11-21
1343,8399,5221,2025-03-27
1344,5017,714,2025-08-11
1345,9422,494,2025-12-08
1346,4373,7152,2025-12-12
1347,532,4346,2025-03-09
1348,1419,6469,2025-07-22
1349,7080,7050,2025-08-14
1350,6761,4327,2025-05-18
1351,5629,379,2025-04-16
1352,6351,2996,2025-10-26
1353,5511,9580,2025-05-04
1354,1733,5927,2025-12-31
1355,9974,6805,2025-04-28
1356,3773,2288,2025-07-19
1357,1450,2134,2025-11-21
1358,6250,1863,2025-05-23
1359,74,1725,2025-12-07
1360,5048,3987,2025-03-30
1361,6828,4889,2025-01-18
1362,8869,4845,2025-02-27
1363,1313,4593,2025-04-26
1364,2524,8205,2025-07-03
1365,4404,7160,2025-07-23
1366,4752,1639,2025-04-01
1367,5625,6093,2025-02-12
1368,2406,3850,2025-12-10
1369,1388,7827,2025-09-26
1370,4569,4629,2025-08-05
1371,4733,8773,2025-08-22
1372,8391,2878,2025-11-29
1373,2422,3190,2025-04-07
1374,2207,6052,2025-07-19
1375,9560,6371,2025-07-02
1376,6527,3975,2025-10-04
1377,2783,4140,2025-05-25
1378,2130,1055,2025-02-11
1379,2537,8842,2025-12-21
1380,9474,9196,2025-10-16
1381,9060,2953,2025-09-13
1382,8730,790,2025-08-12
1383,6119,8364,2025-12-14
1384,5974,1333,2025-01-03
1385,7981,806,2025-10-24
1386,4784,3358,2025-06-17
1387,5740,4595,2025-12-13
1388,6095,3200,2025-12-19
1389,2773,50,2025-05-08
1390,3436,3125,2025-06-13
1391,6896,5190,2025-10-07
1392,8282,1189,2025-12-02
1393,1296,6359,2025-11-27
1394,245,7773,2025-08-11
1395,8647,5103,2025-01-22
1396,2842,4989,2025-08-20
1397,5932,9125,2025-03-01
1398,8685,9847,2025-11-04
1399,8966,9729,2025-02-02
1400,8641,7257,2025-08-03
1401,6678,2224,2025-10-21
1402,468,5936,2025-07-17
1403,5632,7126,2025-07-29
1404,8406,2214,2025-05-20
1405,314,8451,2025-03-05
1406,679,6730,2025-01-20
1407,3046,1407,2025-05-07
1408,1086,6299,2025-08-12
1409,3775,7470,2025-02-09
1410,6352,2743,2025-01-08
1411,2876,3138,2025-01-08
1412,1341,6467,2025-05-05
1413,8506,4254,2025-04-29
1414,1606,8045,2025-01-15
1415,7156,9805,2025-07-12
1416,900,1258,2025-09-04
1417,8009,9277,2025-01-18
1418,6578,5352,2025-06-12
1419,7101,1406,2025-07-08
1420,7426,4815,2025-07-04
1421,4805,9820,2025-01-25
1422,8513,3191,2025-09-26
1423,9750,5901,2025-07-10
1424,7247,153,2025-04-23
1425,2387,6096,2025-03-14
1426,7311,4012,2025-11-07
1427,8369,5408,2025-01-13
1428,9223,8444,2025-04-28
1429,7086,8080,2025-02-22
1430,5222,6240,2025-09-28
1431,6074,7456,2025-03-01
1432,3009,2224,2025-12-23
1433,4790,1428,2025-04-03
1434,2973,6975,2025-01-29
1435,867,1578,2025-05-21
1436,730,5709,2025-01-20
1437,4554,2161,2025-08-10
1438,4562,1989,2025-05-25
1439,9632,771,2025-10-25
1440,3681,7787,2025-11-22
1441,9076,6289,2025-10-16
1442,9875,8917,2025-03-29
1443,4455,9367,2025-05-25
1444,9782,8928,2025-01-02
1445,3603,1282,2025-05-12
1446,621,4455,2025-09-09
1447,9124,4312,2025-04-26
1448,6875,8908,2025-08-23
1449,2791,6741,2025-07-15
1450,2399,7927,2025-06-10
1451,3102,6648,2025-12-21
1452,7695,4391,2025-12-18
1453,8365,6225,2025-07-01
1454,8655,2910,2025-02-12
1455,6606,6814,2025-08-18
1456,7660,8474,2025-08-31
1457,5060,4619,2025-09-07
1458,4443,3440,2025-11-11
1459,1592,1532,2025-12-26
1460,45,2249,2025-10-26
1461,4988,2391,2025-04-10
1462,6060,3430,2025-09-21
1463,6600,9537,2025-08-07
1464,1171,5159,2025-11-16
1465,5610,4834,2025-08-18
1466,7022,2755,2025-07-12
1467,3260,9623,2025-02-05
1468,9747,6743,2025-01-26
1469,8760,1541,2025-09-28
1470,1998,5995,2025-03-10
1471,3253,9815,2025-03-28
1472,966,2748,2025-09-03
1473,2254,7485,2025-01-06
1474,8100,1990,2025-12-01
1475,1325,5007,2025-07-26
1476,57,1144,2025-11-05
1477,5287,7873,2025-05-31
1478,8401,3603,2025-01-31
1479,4346,283,2025-08-10
1480,428,1659,2025-02-26
1481,4376,3659,2025-08-20
1482,3612,3782,2025-12-21
1483,1521,3621,2025-07-24
1484,9138,692,2025-03-10
1485,5268,988,2025-10-06
1486,2984,2274,2025-06-05
1487,3179,7814,2025-09-06
1488,3766,6235,2025-11-30
1489,9488,3337,2025-05-12
1490,4096,2475,2025-04-06
1491,7181,4631,2025-06-02
1492,4283,3314,2025-11-05
1493,3298,2840,2025-08-13
1494,966,5745,2025-11-30
1495,335,7631,2025-09-27
1496,5176,6043,2025-12-23
1497,1149,1156,2025-11-30
1498,7997,9569,2025-04-07
1499,1102,6061,2025-10-25
1500,8874,4743,2025-06-16
1501,9511,1195,2025-10-24
1502,1114,3531,2025-03-12
1503,5201,7529,2025-04-24
1504,6059,2424,2025-05-02
1505,7768,8010,2025-10-02
1506,4071,7948,2025-02-01
1507,2436,9438,2025-12-20
1508,9655,6401,2025-07-29
1509,4949,106,2025-08-13
1510,3106,3813,2025-09-05
1511,4660,7851,2025-09-21
1512,6165,5919,2025-01-31
1513,4113,3539,2025-09-23
1514,2615,8089,2025-01-14
1515,7639,7501,2025-04-04
1516,1076,9117,2025-06-04
1517,6742,4876,2025-02-16
1518,5697,1895,2025-11-26
1519,6258,849,2025-10-07
1520,2843,569,2025-07-07
1521,8778,4615,2025-02-01
1522,8038,4607,2025-06-19
1523,3563,3087,2025-09-12
1524,3475,8757,2025-06-09
1525,5596,8363,2025-12-18
1526,7944,8376,2025-08-17
1527,8896,9286,2025-08-27
1528,4653,6254,2025-07-11
1529,5888,2069,2025-08-01
1530,9269,3506,2025-03-30
1531,7168,1007,2025-07-30
1532,250,7518,2025-04-23
1533,8394,2545,2025-03-14
1534,9139,9116,2025-08-28
1535,4035,2927,2025-10-24
1536,4382,528,2025-07-15
1537,956,6379,2025-09-13
1538,4752,3733,2025-04-21
1539,1161,6140,2025-08-09
1540,5637,3840,2025-02-19
1541,5124,6461,2025-03-14
1542,1470,7791,2025-11-11
1543,5774,7774,2025-02-02
1544,5771,2863,2025-05-27
1545,7017,1368,2025-03-01
1546,8575,7542,2025-06-07
1547,621,5450,2025-08-17
1548,2691,1234,2025-02-01
1549,9777,4348,2025-09-17
1550,5318,1295,2025-09-03
1551,5602,3705,2025-03-09
1552,6200,7704,2025-03-20
1553,6976,5706,2025-07-10
1554,807,7004,2025-03-12
1555,4517,3445,2025-01-11
1556,5906,167,2025-07-09
1557,7930,8936,2025-06-27
1558,9711,6297,2025-08-08
1559,7489,3073,2025-12-10
1560,5054,2956,2025-10-07
1561,8940,2838,2025-07-10
1562,292,478,2025-05-11
1563,9957,2777,2025-11-07
1564,8766,5523,2025-01-31
1565,9650,9535,2025-12-02
1566,8111,394,2025-07-16
1567,253,6341,2025-09-02
1568,1008,5115,2025-11-25
1569,7051,641,2025-08-03
1570,5955,7484,2025-12-08
1571,39,5504,2025-11-01
1572,4662,9385,2025-09-19
1573,3414,277,2025-01-17
1574,2592,9884,2025-01-01
1575,9444,1579,2025-05-27
1576,2226,1547,2025-10-04
1577,9475,2351,2025-04-13
1578,8229,6462,2025-01-10
1579,8622,562,2025-09-10
1580,7789,3450,2025-03-21
1581,6026,4821,2025-06-08
1582,3317,863,2025-03-30
1583,8496,4666,2025-06-28
1584,2116,5897,2025-04-06
1585,8358,1581,2025-04-09
1586,5093,6768,2025-12-16
1587,6719,5292,2025-05-11
1588,1763,4103,2025-07-04
1589,250,1065,2025-04-02
1590,3862,17,2025-11-28
1591,9463,9191,2025-11-03
1592,9909,1230,2025-01-19
1593,3431,5625,2025-10-04
1594,8661,4776,2025-08-31
1595,5623,8258,2025-09-16
1596,6795,9026,2025-03-02
1597,1903,9041,2025-10-08
1598,4085,1252,2025-06-05
1599,7013,8606,2025-04-12
1600,275,7599,2025-05-09
1601,3352,3462,2025-08-20
1602,4587,1978,2025-01-14
1603,7725,196,2025-04-11
1604,8970,9703,2025-09-28
1605,7645,6461,2025-10-09
1606,8228,1923,2025-11-07
1607,3443,2084,2025-04-20
1608,9371,9837,2025-04-28
1609,2474,9232,2025-01-28
1610,1533,5238,2025-09-03
1611,188,7921,2025-09-17
1612,4816,6187,2025-02-25
1613,1884,9095,2025-02-07
1614,2135,5478,2025-10-05
1615,1207,9409,2025-04-12
1616,7,2729,2025-06-04
1617,9787,8092,2025-06-15
1618,3911,134,2025-01-17
1619,584,6008,2025-11-12
1620,2808,6434,2025-09-26
1621,9242,7089,2025-10-10
1622,2064,1478,2025-02-03
1623,6086,6326,2025-07-31
1624,317,466,2025-05-26
1625,3299,9013,2025-10-08
1626,8992,5215,2025-03-20
1627,3616,8863,2025-06-06
1628,4185,1470,2025-10-05
1629,9427,8274,2025-04-29
1630,8252,774,2025-08-26
1631,8938,1938,2025-10-13
1632,966,8836,2025-05-31
1633,5784,1117,2025-12-29
1634,3628,7844,2025-06-15
1635,6840,7633,2025-03-13
1636,1116,8124,2025-07-15
1637,7225,3819,2025-09-07
1638,7574,2004,2025-03-22
1639,4816,9206,2025-08-21
1640,6956,4840,2025-01-27
1641,7132,6195,2025-08-29
1642,2765,253,2025-07-05
1643,3607,1199,2025-06-28
1644,8657,8133,2025-01-20
1645,8126,9841,2025-03-21
1646,7157,3063,2025-08-31
1647,6483,6235,2025-01-23
1648,1737,6400,2025-12-11
1649,6035,2373,2025-03-29
1650,7143,2391,2025-02-19
1651,2860,5588,2025-09-20
1652,1816,9843,2025-10-15
1653,6654,5211,2025-10-23
1654,2449,7168,2025-12-09
1655,2533,2597,2025-07-31
1656,5617,7553,2025-06-23
1657,1781,1380,2025-03-19
1658,9992,3588,2025-04-08
1659,5320,3737,2025-03-21
1660,6921,2407,2025-08-04
1661,1530,3228,2025-07-20
1662,3002,4198,2025-02-18
1663,2827,3513,2025-09-02
1664,8752,8423,2025-01-26
1665,3938,3265,2025-04-19
1666,3586,5176,2025-03-22
1667,2460,9817,2025-02-03
1668,3092,8025,2025-02-22
1669,9483,6012,2025-09-12
1670,3802,5239,2025-04-11
1671,2549,9249,2025-08-01
1672,2994,905,2025-05-24
1673,998,1930,2025-10-23
1674,5906,1827,2025-03-04
1675,8949,5754,2025-11-29
1676,2242,9073,2025-09-12
1677,6294,7755,2025-06-29
1678,1341,1570,2025-10-25
1679,714,4843,2025-01-14
1680,6060,8050,2025-01-03
1681,7292,2454,2025-10-13
1682,1842,3779,2025-10-31
1683,4737,386,2025-10-28
1684,7054,1015,2025-10-07
1685,3783,2876,2025-11-30
1686,3017,6092,2025-12-13
1687,4374,2512,2025-08-01
1688,563,7655,2025-09-09
1689,183,4454,2025-09-06
1690,7574,3558,2025-11-18
1691,2640,6258,2025-04-14
1692,5420,7437,2025-08-07
1693,3175,9703,2025-09-30
1694,4599,9695,2025-01-21
1695,4438,372,2025-01-30
1696,3107,3671,2025-01-17
1697,1998,7675,2025-07-22
1698,7802,4507,2025-10-30
1699,6248,2010,2025-09-19
1700,4327,5948,2025-01-04
1701,1957,792,2025-05-17
1702,4088,8928,2025-09-11
1703,4276,3280,2025-06-29
1704,2438,2906,2025-11-29
1705,8222,34,2025-02-14
1706,7650,3053,2025-04-19
1707,759,8980,2025-10-15
1708,8303,3740,2025-12-22
1709,3836,5461,2025-09-13
1710,4175,1773,2025-04-18
1711,7616,4569,2025-07-29
1712,3358,264,2025-09-21
1713,5250,5242,2025-04-24
1714,3803,8081,2025-07-01
1715,7468,2161,2025-08-03
1716,2332,8221,2025-06-05
1717,502,7129,2025-12-28
1718,6484,6988,2025-07-22
1719,8078,4762,2025-10-21
1720,5377,3884,2025-05-08
1721,6855,7884,2025-01-15
1722,9743,6824,2025-01-07
1723,8498,1117,2025-06-13
1724,4713,7320,2025-04-07
1725,3508,6702,2025-12-17
1726,1782,8004,2025-03-03
1727,7950,6469,2025-05-02
1728,6556,1057,2025-10-28
1729,8903,1695,2025-08-30
1730,2954,761,2025-04-24
1731,5110,4868,2025-07-06
1732,6851,4539,2025-01-11
1733,2918,2307,2025-05-05
1734,5229,5463,2025-12-07
1735,3978,4798,2025-11-29
1736,6428,4301,2025-09-27
1737,4425,2752,2025-11-24
1738,2426,6997,2025-08-18
1739,856,2858,2025-01-23
1740,7672,9027,2025-01-26
1741,1586,9571,2025-12-08
1742,805,5780,2025-03-12
1743,4917,6510,2025-07-11
1744,7480,1622,2025-02-21
1745,796,5865,2025-09-22
1746,9402,3110,2025-08-05
1747,119,1757,2025-06-17
1748,3928,1021,2025-02-19
1749,4481,502,2025-06-10
1750,5275,4731,2025-05-17
1751,8605,1551,2025-02-15
1752,4740,6210,2025-05-08
1753,2262,3679,2025-05-31
1754,11,9863,2025-06-18
1755,3186,873,2025-06-07
1756,5156,9090,2025-05-03
1757,1971,8765,2025-02-01
1758,1454,6270,2025-07-27
1759,622,6384,2025-08-08
1760,7456,7214,2025-08-18
1761,5334,8346,2025-06-16
1762,4264,503,2025-05-23
1763,4261,6377,2025-09-09
1764,5989,3481,2025-01-22
1765,7771,2595,2025-08-04
1766,4983,2534,2025-08-17
1767,3260,7994,2025-09-08
1768,9368,8950,2025-06-16
1769,1294,5940,2025-06-20
1770,8690,3360,2025-08-03
1771,7738,8597,2025-04-29
1772,8653,1516,2025-07-30
1773,4171,1673,2025-02-25
1774,5900,7624,2025-07-19
1775,6121,7927,2025-07-25
1776,2392,1844,2025-01-25
1777,8403,7415,2025-12-04
1778,693,5169,2025-06-01
1779,7874,6220,2025-04-28
1780,8898,7100,2025-12-23
1781,5965,6324,2025-10-19
1782,4522,9927,2025-10-31
1783,9351,6768,2025-03-05
1784,9767,1434,2025-09-28
1785,4155,5968,2025-03-26
1786,7371,3307,2025-11-01
1787,7923,6922,2025-06-27
1788,3555,6867,2025-02-05
1789,608,7165,2025-03-12
1790,3017,483,2025-09-25
1791,5499,6299,2025-02-23
1792,716,8525,2025-11-29
1793,3541,2914,2025-04-01
1794,8568,2706,2025-10-02
1795,5483,7581,2025-02-28
1796,1332,9747,2025-08-07
1797,6612,8858,2025-09-28
1798,2434,2664,2025-01-08
1799,4948,7406,2025-12-25
1800,1416,830,2025-08-25
1801,8514,5972,2025-06-19
1802,3453,1843,2025-12-18
1803,9642,4813,2025-11-13
1804,2655,3737,2025-01-03
1805,6047,7159,2025-04-18
1806,1852,6671,2025-11-03
1807,976,102,2025-12-07
1808,5647,507,2025-05-02
1809,256,2927,2025-02-03
1810,8950,9638,2025-08-31
1811,3244,1380,2025-05-29
1812,8943,4728,2025-05-28
1813,319,9617,2025-12-10
1814,1726,6615,2025-11-15
1815,1064,8426,2025-09-09
1816,8991,7378,2025-04-20
1817,7890,3920,2025-06-21
1818,977,5842,2025-09-07
1819,3923,4880,2025-03-11
1820,7329,9261,2025-11-07
1821,3200,9781,2025-10-05
1822,6054,7530,2025-01-31
1823,2231,7953,2025-07-19
1824,5059,8159,2025-06-14
1825,5485,5337,2025-01-17
1826,8192,2042,2025-08-22
1827,8341,9749,2025-02-18
1828,867,8719,2025-05-02
1829,2311,1551,2025-07-14
1830,607,5488,2025-08-13
1831,4444,7659,2025-05-07
1832,8513,4734,2025-01-30
1833,1927,3605,2025-12-05
1834,5491,8858,2025-10-01
1835,2225,7922,2025-02-22
1836,4295,8679,2025-01-08
1837,7710,7813,2025-03-06
1838,724,2105,2025-10-06
1839,9240,6071,2025-09-16
1840,4664,9533,2025-02-01
1841,2724,68,2025-12-06
1842,8597,703,2025-07-02
1843,231,9148,2025-11-21
1844,5860,6238,2025-12-17
1845,5673,9419,2025-12-09
1846,3094,823,2025-08-29
1847,2498,9574,2025-09-19
1848,2289,7388,2025-10-18
1849,3787,9825,2025-05-24
1850,3064,1287,2025-11-28
1851,7074,9056,2025-10-19
1852,7508,7096,2025-07-06
1853,3868,8494,2025-03-22
1854,4517,9724,2025-04-12
1855,4783,4269,2025-09-28
1856,6383,1210,2025-12-10
1857,3826,7013,2025-06-28
1858,7737,1835,2025-12-18
1859,1062,5222,2025-11-10
1860,5588,4774,2025-12-17
1861,8438,6093,2025-06-27
1862,3173,477,2025-04-20
1863,1854,9973,2025-11-02
1864,2460,2802,2025-06-26
1865,1734,7895,2025-05-21
1866,3565,5986,2025-09-10
1867,7210,4768,2025-09-25
1868,3484,6401,2025-12-01
1869,8865,3135,2025-08-06
1870,5373,4742,2025-02-20
1871,5418,8924,2025-10-10
1872,3160,4344,2025-10-23
1873,8322,528,2025-02-11
1874,194,7540,2025-12-20
1875,3935,855,2025-03-12
1876,7920,9916,2025-08-07
1877,693,4708,2025-05-10
1878,2492,6697,2025-01-16
1879,4164,1968,2025-05-11
1880,539,1631,2025-02-19
1881,3763,5475,2025-07-08
1882,635,80,2025-07-14
1883,9983,9113,2025-07-21
1884,4348,6487,2025-10-25
1885,505,4001,2025-01-28
1886,4772,8560,2025-10-30
1887,9105,2175,2025-08-28
1888,4947,6453,2025-02-04
1889,5404,3079,2025-12-21
1890,8537,3863,2025-01-21
1891,3897,9419,2025-08-31
1892,8559,9653,2025-11-30
1893,4144,1483,2025-10-20
1894,5914,1560,2025-04-07
1895,3678,7606,2025-08-15
1896,1072,246,2025-07-05
1897,1142,2123,2025-06-27
1898,5637,2250,2025-09-19
1899,4988,2041,2025-05-10
1900,6448,1588,2025-05-27
1901,861,7224,2025-04-07
1902,729,9847,2025-06-17
1903,6079,7669,2025-01-08
1904,1893,6951,2025-01-20
1905,2452,6969,2025-01-20
1906,8813,447,2025-10-27
1907,5885,3337,2025-08-24
1908,139,7034,2025-06-13
1909,7192,1538,2025-06-11
1910,9784,1570,2025-10-31
1911,1572,7874,2025-12-19
1912,237,3658,2025-09-19
1913,5955,5931,2025-07-01
1914,9859,6010,2025-12-25
1915,2753,3497,2025-04-28
1916,217,3974,2025-10-05
1917,5927,6638,2025-08-04
1918,2710,974,2025-03-04
1919,545,8604,2025-05-29
1920,8479,183,2025-12-05
1921,8340,4857,2025-10-19
1922,3215,566,2025-11-13
1923,7335,9189,2025-10-11
1924,9703,727,2025-04-02
1925,6719,742,2025-10-29
1926,8818,6771,2025-12-15
1927,61,6125,2025-08-12
1928,406,5554,2025-05-14
1929,1847,1089,2025-11-17
1930,8473,1633,2025-05-04
1931,8487,728,2025-03-21
1932,491,1532,2025-09-06
1933,3511,2170,2025-12-06
1934,2488,3719,2025-01-11
1935,9844,704,2025-02-14
1936,9772,7058,2025-04-14
1937,2099,9250,2025-10-31
1938,859,4162,2025-02-09
1939,2793,789,2025-08-07
1940,2211,4401,2025-06-18
1941,752,3015,2025-05-24
1942,222,7068,2025-06-13
1943,2820,3872,2025-07-31
1944,1562,5972,2025-02-06
1945,2329,6845,2025-04-29
1946,2261,4537,2025-08-29
1947,77,8754,2025-07-14
1948,876,321,2025-10-08
1949,7127,8608,2025-01-19
1950,6197,8613,2025-04-13
1951,8603,7326,2025-06-16
1952,4065,6928,2025-08-03
1953,4855,7855,2025-06-26
1954,2125,2981,2025-01-24
1955,3626,7148,2025-05-08
1956,9428,4705,2025-08-06
1957,3464,9575,2025-12-08
1958,6617,6979,2025-10-09
1959,1337,7859,2025-04-20
1960,8717,133,2025-07-25
1961,9253,2020,2025-10-28
1962,4972,9894,2025-05-16
1963,952,434,2025-10-24
1964,6074,9609,2025-11-19
1965,352,7807,2025-05-28
1966,8961,5144,2025-11-02
1967,1255,3637,2025-12-17
1968,9474,4955,2025-09-06
1969,1103,5463,2025-07-24
1970,2103,1079,2025-06-29
1971,9545,354,2025-03-28
1972,4950,2631,2025-03-06
1973,7608,3841,2025-01-19
1974,4543,8846,2025-10-25
1975,7268,8598,2025-05-18
1976,3892,2148,2025-07-31
1977,8879,7229,2025-02-20
1978,8415,5319,2025-09-11
1979,8303,2170,2025-10-11
1980,1026,5458,2025-03-04
1981,4973,564,2025-04-18
1982,2749,5991,2025-03-17
1983,2256,2731,2025-01-20
1984,7139,4931,2025-01-20
1985,9501,9151,2025-03-14
1986,1898,5997,2025-05-09
1987,8387,3349,2025-12-02
1988,6671,4030,2025-05-23
1989,4495,7891,2025-04-05
1990,8898,6420,2025-12-13
1991,9333,4503,2025-12-11
1992,9158,4234,2025-09-24
1993,5287,1260,2025-12-19
1994,2276,4507,2025-08-15
1995,869,7032,2025-08-26
1996,2833,670,2025-09-12
1997,2504,3107,2025-05-03
1998,4152,3429,2025-10-22
1999,762,4039,2025-06-19
2000,2020,126,2025-09-22
